employer,notice_date,number_of_employees_affected,warn_type,city,zip,lwib_area,address,record_number,detail_page_url
Calmont Beverage,"Jan 22, 2026",67,WARN,Barre,05641,00 - Vermont Workforce Investment Area,"308 Industrial Lane; Barre, Vermont 05641",357,https://www.vermontjoblink.com/search/warn_lookups/357
Maple Ridge Memory Care and Lodge,"Jan 30, 2026",126,WARN,Essex Junction,05452,00 - Vermont Workforce Investment Area,"6 Freeman Woods; Essex Junction, Vermont 05452",358,https://www.vermontjoblink.com/search/warn_lookups/358
Perrigo Company,"Apr 28, 2026",162,WARN,Georgia,05468,00 - Vermont Workforce Investment Area,"147 Industrial Park Road; Georgia, Vermont 05468",359,https://www.vermontjoblink.com/search/warn_lookups/359
Franklin Foods,"May 28, 2026",,WARN,Enosburg Falls,05450,00 - Vermont Workforce Investment Area,,361,https://www.vermontjoblink.com/search/warn_lookups/361
University of Vermont Health,"Jun 09, 2026",142,WARN,Burlington,05401,00 - Vermont Workforce Investment Area,"111 Colchester Ave; Burlington, Vermont 05401",362,https://www.vermontjoblink.com/search/warn_lookups/362
"St. Albans Creamery, LLC","Jun 17, 2026",81,WARN,Saint Albans,05478,00 - Vermont Workforce Investment Area,"158 Federal Street; Saint Albans, Vermont 05478",363,https://www.vermontjoblink.com/search/warn_lookups/363
University of Vermont Health,"Sep 15, 2026",179,WARN,Burlington,05401,00 - Vermont Workforce Investment Area,"111 Colchester Ave; Burlington, Vermont 05401",365,https://www.vermontjoblink.com/search/warn_lookups/365
Global Foundries,"Dec 16, 2022",148,WARN,Essex Junction,05452,00 - Vermont Workforce Investment Area,"Jennifer Pickering; Essex Junction, Vermont 05452",326,https://www.vermontjoblink.com/search/warn_lookups/326
Jeld-Wen Windows & Doors,"Jun 20, 2022",,WARN,North Springfield,05150,00 - Vermont Workforce Investment Area,,324,https://www.vermontjoblink.com/search/warn_lookups/324
Spire Hospitality/Top Notch Resort,"Mar 20, 2020",126,WARN,,,00 - Vermont Workforce Investment Area,,298,https://www.vermontjoblink.com/search/warn_lookups/298
Equinox Golf Resort and Spa,"Mar 27, 2020",180,WARN,,,00 - Vermont Workforce Investment Area,,299,https://www.vermontjoblink.com/search/warn_lookups/299
Hilton Lake Champlain,"Mar 23, 2020",,WARN,,,00 - Vermont Workforce Investment Area,,301,https://www.vermontjoblink.com/search/warn_lookups/301
Meridian Behaviorial Health,"Feb 19, 2020",,WARN,,,00 - Vermont Workforce Investment Area,,302,https://www.vermontjoblink.com/search/warn_lookups/302
Gannett Publishing Services,"Feb 27, 2020",,WARN,,,00 - Vermont Workforce Investment Area,,303,https://www.vermontjoblink.com/search/warn_lookups/303
Prime Motor Group/White River Subaru,"Apr 03, 2020",15,WARN,,,00 - Vermont Workforce Investment Area,,304,https://www.vermontjoblink.com/search/warn_lookups/304
Marlboro College,"May 14, 2020",87,WARN,,,00 - Vermont Workforce Investment Area,,307,https://www.vermontjoblink.com/search/warn_lookups/307
"Energizer Brands, LLC","Nov 04, 2020",24,WARN,Bennington,05201,00 - Vermont Workforce Investment Area,"40 Gage Street; Bennington, Vermont 05201",313,https://www.vermontjoblink.com/search/warn_lookups/313
Brattleboro Retreat Mental Health and Addiction,"Oct 22, 2020",,WARN,Brattleboro,05302,00 - Vermont Workforce Investment Area,,312,https://www.vermontjoblink.com/search/warn_lookups/312
FedEx Freight,"Oct 09, 2020",,WARN,Bellows Falls,05101,00 - Vermont Workforce Investment Area,,311,https://www.vermontjoblink.com/search/warn_lookups/311
"Sunny Sky Products, LLC","Jan 17, 2019",4,WARN,,,00 - Vermont Workforce Investment Area,,286,https://www.vermontjoblink.com/search/warn_lookups/286
Bertek Systems Inc.,"Feb 25, 2019",26,WARN,,,00 - Vermont Workforce Investment Area,,292,https://www.vermontjoblink.com/search/warn_lookups/292
Oryza group,"Mar 26, 2019",,WARN,,,00 - Vermont Workforce Investment Area,,293,https://www.vermontjoblink.com/search/warn_lookups/293
Southern Vermont College,"Mar 29, 2019",,WARN,,,00 - Vermont Workforce Investment Area,,294,https://www.vermontjoblink.com/search/warn_lookups/294
Marvell,"Nov 05, 2019",,WARN,,,00 - Vermont Workforce Investment Area,,314,https://www.vermontjoblink.com/search/warn_lookups/314
Kmart Corporation,"Jan 04, 2018",46,WARN,,,00 - Vermont Workforce Investment Area,,263,https://www.vermontjoblink.com/search/warn_lookups/263
Entergy and Securitas,"Mar 20, 2018",130,WARN,,,00 - Vermont Workforce Investment Area,,272,https://www.vermontjoblink.com/search/warn_lookups/272
Scenic View Community Care Home,"May 15, 2018",,WARN,,,00 - Vermont Workforce Investment Area,,273,https://www.vermontjoblink.com/search/warn_lookups/273
GlobalFoundries US INc.,"Jun 20, 2018",,WARN,,,00 - Vermont Workforce Investment Area,,279,https://www.vermontjoblink.com/search/warn_lookups/279
Keurig Dr Pepper,"Oct 25, 2018",,WARN,Waterbury,05676,00 - Vermont Workforce Investment Area,,280,https://www.vermontjoblink.com/search/warn_lookups/280
"Lepage Bakeries Brattleboro, LLC","Nov 06, 2018",,WARN,,,00 - Vermont Workforce Investment Area,,281,https://www.vermontjoblink.com/search/warn_lookups/281
Neenah Paper,"Oct 25, 2018",100,WARN,,,00 - Vermont Workforce Investment Area,,282,https://www.vermontjoblink.com/search/warn_lookups/282
Merchants Bank,"Mar 10, 2017",76,WARN,,,00 - Vermont Workforce Investment Area,,240,https://www.vermontjoblink.com/search/warn_lookups/240
Dollar Express,"Mar 30, 2017",,WARN,,,00 - Vermont Workforce Investment Area,,242,https://www.vermontjoblink.com/search/warn_lookups/242
Dollar Express,"Mar 30, 2017",,WARN,,,00 - Vermont Workforce Investment Area,,243,https://www.vermontjoblink.com/search/warn_lookups/243
Country Home Products,"Jun 06, 2017",,WARN,Winooski,05404,00 - Vermont Workforce Investment Area,,249,https://www.vermontjoblink.com/search/warn_lookups/249
Brookside Nursing & Rehabilitation Center LLC,"Nov 08, 2017",,WARN,,,00 - Vermont Workforce Investment Area,,262,https://www.vermontjoblink.com/search/warn_lookups/262
Morrison Management Specialists,"Jan 22, 2016",97,WARN,,,00 - Vermont Workforce Investment Area,,216,https://www.vermontjoblink.com/search/warn_lookups/216
Keurig Green Mountain,"Jun 07, 2016",110,WARN,,,00 - Vermont Workforce Investment Area,,222,https://www.vermontjoblink.com/search/warn_lookups/222
VSAC,"Jun 15, 2016",,WARN,,,00 - Vermont Workforce Investment Area,,223,https://www.vermontjoblink.com/search/warn_lookups/223
"Dowlings, Inc","Aug 01, 2016",,WARN,,,00 - Vermont Workforce Investment Area,,228,https://www.vermontjoblink.com/search/warn_lookups/228
"MVM, Inc.","Mar 08, 2013",78,WARN,,,00 - Vermont Workforce Investment Area,,124,https://www.vermontjoblink.com/search/warn_lookups/124
Energizer,"Mar 18, 2013",123,WARN,,,00 - Vermont Workforce Investment Area,,144,https://www.vermontjoblink.com/search/warn_lookups/144
Capital City Press,"Jan 03, 2006",189,WARN,,,00 - Vermont Workforce Investment Area,,16,https://www.vermontjoblink.com/search/warn_lookups/16
Capital City Press,"Sep 14, 2005",,WARN,,,00 - Vermont Workforce Investment Area,,17,https://www.vermontjoblink.com/search/warn_lookups/17
"Husky Injection Molding Systems, Inc.","Jul 12, 2005",,WARN,,,00 - Vermont Workforce Investment Area,,18,https://www.vermontjoblink.com/search/warn_lookups/18
Specialty Filaments Inc.,"May 13, 2005",,WARN,,,00 - Vermont Workforce Investment Area,,19,https://www.vermontjoblink.com/search/warn_lookups/19
